id,name,category,work,events,milestones,branches,endings,covered
reimu,博丽灵梦,main,th06,36,4,2,3,true
marisa,雾雨魔理沙,main,th06,36,4,2,3,true
rumia,露米娅,main,th06,36,4,2,3,true
daiyousei,大妖精,main,th06,36,4,2,3,true
cirno,琪露诺,main,th06,36,4,2,3,true
meiling,红美铃,main,th06,36,4,2,3,true
koakuma,小恶魔,main,th06,36,4,2,3,true
patchouli,帕秋莉·诺蕾姬,main,th06,36,4,2,3,true
sakuya,十六夜咲夜,main,th06,36,4,2,3,true
remilia,蕾米莉亚·斯卡蕾特,main,th06,36,4,2,3,true
flandre,芙兰朵露·斯卡蕾特,main,th06,36,4,2,3,true
letty,蕾蒂·霍瓦特洛克,main,th07,36,4,2,3,true
chen,橙,main,th07,36,4,2,3,true
alice,爱丽丝·玛格特洛依德,main,th07,36,4,2,3,true
lily_white,莉莉霍瓦特,main,th07,36,4,2,3,true
lunasa,露娜萨·普莉兹姆利巴,main,th07,36,4,2,3,true
merlin,梅露兰·普莉兹姆利巴,main,th07,36,4,2,3,true
lyrica,莉莉卡·普莉兹姆利巴,main,th07,36,4,2,3,true
youmu,魂魄妖梦,main,th07,36,4,2,3,true
yuyuko,西行寺幽幽子,main,th07,36,4,2,3,true
ran,八云蓝,main,th07,36,4,2,3,true
yukari,八云紫,main,th07,36,4,2,3,true
suika,伊吹萃香,main,th07.5,36,4,2,3,true
wriggle,莉格露·奈特巴格,main,th08,36,4,2,3,true
mystia,米斯蒂娅·萝蕾拉,main,th08,36,4,2,3,true
keine,上白泽慧音,main,th08,36,4,2,3,true
tewi,因幡天为,main,th08,36,4,2,3,true
reisen,铃仙·优昙华院·因幡,main,th08,36,4,2,3,true
eirin,八意永琳,main,th08,36,4,2,3,true
kaguya,蓬莱山辉夜,main,th08,36,4,2,3,true
mokou,藤原妹红,main,th08,36,4,2,3,true
aya,射命丸文,main,th09,36,4,2,3,true
medicine,梅蒂欣·梅兰可莉,main,th09,36,4,2,3,true
yuuka,风见幽香,main,th09,36,4,2,3,true
komachi,小野塚小町,main,th09,36,4,2,3,true
eiki,四季映姬·夜摩仙那度,main,th09,36,4,2,3,true
shizuha,秋静叶,main,th10,36,4,2,3,true
minoriko,秋穰子,main,th10,36,4,2,3,true
hina,键山雏,main,th10,36,4,2,3,true
nitori,河城荷取,main,th10,36,4,2,3,true
momiji,犬走椛,main,th10,36,4,2,3,true
sanae,东风谷早苗,main,th10,36,4,2,3,true
kanako,八坂神奈子,main,th10,36,4,2,3,true
suwako,洩矢诹访子,main,th10,36,4,2,3,true
iku,永江衣玖,main,th10.5,36,4,2,3,true
tenshi,比那名居天子,main,th10.5,36,4,2,3,true
kisume,琪斯美,main,th11,36,4,2,3,true
yamame,黑谷山女,main,th11,36,4,2,3,true
parsee,水桥帕露西,main,th11,36,4,2,3,true
yuugi,星熊勇仪,main,th11,36,4,2,3,true
satori,古明地觉,main,th11,36,4,2,3,true
rin,火焰猫燐,main,th11,36,4,2,3,true
utsuho,灵乌路空,main,th11,36,4,2,3,true
koishi,古明地恋,main,th11,36,4,2,3,true
nazrin,娜兹玲,main,th12,36,4,2,3,true
kogasa,多多良小伞,main,th12,36,4,2,3,true
ichirin,云居一轮,main,th12,36,4,2,3,true
unzan,云山,main,th12,36,4,2,3,true
murasa,村纱水蜜,main,th12,36,4,2,3,true
shou,寅丸星,main,th12,36,4,2,3,true
byakuren,圣白莲,main,th12,36,4,2,3,true
nue,封兽鵺,main,th12,36,4,2,3,true
hatate,姬海棠果,main,th12.5,36,4,2,3,true
kyouko,幽谷响子,main,th13,36,4,2,3,true
yoshika,宫古芳香,main,th13,36,4,2,3,true
seiga,霍青娥,main,th13,36,4,2,3,true
tojiko,苏我屠自古,main,th13,36,4,2,3,true
futo,物部布都,main,th13,36,4,2,3,true
miko,丰聪耳神子,main,th13,36,4,2,3,true
mamizou,二岩猯藏,main,th13,36,4,2,3,true
kokoro,秦心,main,th13.5,36,4,2,3,true
wakasagihime,若鹭姬,main,th14,36,4,2,3,true
sekibanki,赤蛮奇,main,th14,36,4,2,3,true
kagerou,今泉影狼,main,th14,36,4,2,3,true
benben,九十九弁弁,main,th14,36,4,2,3,true
yatsuhashi,九十九八桥,main,th14,36,4,2,3,true
seija,鬼人正邪,main,th14,36,4,2,3,true
shinmyoumaru,少名针妙丸,main,th14,36,4,2,3,true
raiko,堀川雷鼓,main,th14,36,4,2,3,true
sumireko,宇佐见堇子,main,th14.5,36,4,2,3,true
seiran,清兰,main,th15,36,4,2,3,true
ringo,铃瑚,main,th15,36,4,2,3,true
doremy,哆来咪·苏伊特,main,th15,36,4,2,3,true
sagume,稀神探女,main,th15,36,4,2,3,true
clownpiece,克劳恩皮丝,main,th15,36,4,2,3,true
junko,纯狐,main,th15,36,4,2,3,true
hecatia,赫卡提亚·拉碧斯拉祖利,main,th15,36,4,2,3,true
joon,依神女苑,main,th15.5,36,4,2,3,true
shion,依神紫苑,main,th15.5,36,4,2,3,true
eternity,爱塔妮缇拉尔瓦,main,th16,36,4,2,3,true
nemuno,坂田合欢,main,th16,36,4,2,3,true
aunn,高丽野阿吽,main,th16,36,4,2,3,true
narumi,矢田寺成美,main,th16,36,4,2,3,true
mai_teireida,丁礼田舞,main,th16,36,4,2,3,true
satono,尔子田里乃,main,th16,36,4,2,3,true
okina,摩多罗隐岐奈,main,th16,36,4,2,3,true
eika,戎璎花,main,th17,36,4,2,3,true
urumi,牛崎润美,main,th17,36,4,2,3,true
kutaka,庭渡久侘歌,main,th17,36,4,2,3,true
yachie,吉吊八千慧,main,th17,36,4,2,3,true
mayumi,杖刀偶磨弓,main,th17,36,4,2,3,true
keiki,埴安神袿姬,main,th17,36,4,2,3,true
saki,骊驹早鬼,main,th17,36,4,2,3,true
yuma,饕餮尤魔,main,th17.5,36,4,2,3,true
mike,豪德寺三花,main,th18,36,4,2,3,true
takane,山城高岭,main,th18,36,4,2,3,true
sannyo,驹草山如,main,th18,36,4,2,3,true
misumaru,玉造魅须丸,main,th18,36,4,2,3,true
tsukasa,菅牧典,main,th18,36,4,2,3,true
megumu,饭纲丸龙,main,th18,36,4,2,3,true
chimata,天弓千亦,main,th18,36,4,2,3,true
momoyo,姬虫百百世,main,th18,36,4,2,3,true
biten,孙美天,main,th19,36,4,2,3,true
enoko,三头慧之子,main,th19,36,4,2,3,true
chiyari,天火人血枪,main,th19,36,4,2,3,true
hisami,豫母都日狭美,main,th19,36,4,2,3,true
zanmu,日白残无,main,th19,36,4,2,3,true
ubame,尘塚姥芽,main,th20,36,4,2,3,true
chimi,封兽魑魅,main,th20,36,4,2,3,true
nareko,道神驯子,main,th20,36,4,2,3,true
yuiman,维缦·浅间,main,th20,36,4,2,3,true
ariya,磐永阿梨夜,main,th20,36,4,2,3,true
nina,渡里贝子,main,th20,36,4,2,3,true
rinnosuke,森近霖之助,main,cola,36,4,2,3,true
sunny,桑尼米尔克,main,ealnd,36,4,2,3,true
luna,露娜切露德,main,ealnd,36,4,2,3,true
star,斯塔萨菲雅,main,ealnd,36,4,2,3,true
akyuu,稗田阿求,main,pmiss,36,4,2,3,true
toyohime,绵月丰姬,main,ssib,36,4,2,3,true
yorihime,绵月依姬,main,ssib,36,4,2,3,true
reisen2,铃仙（二号）,main,ssib,36,4,2,3,true
kasen,茨木华扇,main,wahh,36,4,2,3,true
kosuzu,本居小铃,main,fs,36,4,2,3,true
miyoi,奥野田美宵,main,le,36,4,2,3,true
mizuchi,宫出口瑞灵,main,fss,36,4,2,3,true
singyoku,神玉,pc98,th01,36,4,2,3,true
yuugenmagan,幽幻魔眼,pc98,th01,36,4,2,3,true
elis,依莉斯,pc98,th01,36,4,2,3,true
sariel,萨丽爱尔,pc98,th01,36,4,2,3,true
mima,魅魔,pc98,th01,36,4,2,3,true
kikuri,菊理,pc98,th01,36,4,2,3,true
konngara,矜羯罗,pc98,th01,36,4,2,3,true
genjii,玄爷,pc98,th02,36,4,2,3,true
rika,里香,pc98,th02,36,4,2,3,true
meira,明罗,pc98,th02,36,4,2,3,true
ellen,爱莲,pc98,th03,36,4,2,3,true
kotohime,小兔姬,pc98,th03,36,4,2,3,true
kana,卡娜·安娜贝拉尔,pc98,th03,36,4,2,3,true
rikako,朝仓理香子,pc98,th03,36,4,2,3,true
chiyuri,北白河千百合,pc98,th03,36,4,2,3,true
yumemi,冈崎梦美,pc98,th03,36,4,2,3,true
ruukoto,留琴,pc98,th03,36,4,2,3,true
mimi,咪咪号,pc98,th03,36,4,2,3,true
socrates,苏格拉底,pc98,th03,36,4,2,3,true
orange,奥莲姬,pc98,th04,36,4,2,3,true
kurumi,胡桃,pc98,th04,36,4,2,3,true
elly,艾丽,pc98,th04,36,4,2,3,true
mugetsu,梦月,pc98,th04,36,4,2,3,true
gengetsu,幻月,pc98,th04,36,4,2,3,true
sara,萨拉,pc98,th05,36,4,2,3,true
louise,露易兹,pc98,th05,36,4,2,3,true
yuki,雪,pc98,th05,36,4,2,3,true
mai,舞,pc98,th05,36,4,2,3,true
yumeko,梦子,pc98,th05,36,4,2,3,true
shinki,神绮,pc98,th05,36,4,2,3,true
renko,宇佐见莲子,hifuu,gfc,36,4,2,3,true
maribel,玛艾露贝莉·赫恩,hifuu,gfc,36,4,2,3,true
youki,魂魄妖忌,main,th07,36,4,2,3,true
layla,蕾拉·普莉兹姆利巴,main,th07,36,4,2,3,true
change,嫦娥,main,ssib,36,4,2,3,true
maruchi,玛○奇,pc98,th03,36,4,2,3,true
laika,莱卡,main,cola,36,4,2,3,true
zenki,前鬼,main,ssib,36,4,2,3,true
goki,后鬼,main,ssib,36,4,2,3,true
koutei,黄帝,main,wahh,36,4,2,3,true
mukou,务光,main,wahh,36,4,2,3,true
kume,久米,main,wahh,36,4,2,3,true
kanda,竿打,main,wahh,36,4,2,3,true
houso,彭祖,main,wahh,36,4,2,3,true
manzairaku,万岁乐,main,wahh,36,4,2,3,true
unshou,运松翁,main,wahh,36,4,2,3,true
suiki,水鬼,main,wahh,36,4,2,3,true
hakusen,白仙,main,fs,36,4,2,3,true
namazu,大鲶鱼,main,th12.3,36,4,2,3,true
myouren,命莲,main,th12,36,4,2,3,true
